level_number,labeled_difficulty,blocker_type,feature_introduced,move_limit,objective_type,objective_amount,players,attempts,wins,mid_match_quits,retained_players_to_next_level,near_loss_wins_2_or_less_moves,near_win_losses_5_percent_or_less_objective,first_attempt_win_streak_tier_0,first_attempt_win_streak_tier_1,first_attempt_win_streak_tier_2,first_attempt_win_streak_tier_3,first_attempt_winstreak_tier_1_wins,first_attempt_winstreak_tier_2_wins,first_attempt_winstreak_tier_3_wins,avg_active_day_on_first_attempt,avg_daily_wins_before_first_attempt,avg_daily_attempts_before_first_attempt,median_attempts_per_winner,median_moves_remaining_win,median_objective_pct_remaining_loss,median_base_coins_rewarded_win,median_move_coins_rewarded,average_moves_coins_rewarded,extra_moves_offered,extra_moves_purchased,extra_moves_wins,gold_extra_move_purchased,pgb_purchased,gold_pgb_sink,pgb_amount_used,igb_purchased,igb_gold_pbg_sink,igb_amount_used,median_pgb_inventory_amount_first_attempt,median_igb_inventory_amount_first_attempt,median_gold_inventory_amount_first_attempt,median_customer_gold_inventory_amount_first_attempt,median_90th_percentile_customer_gold_inventory_amount_first_attempt,median_95th_percentile_customer_gold_inventory_amount_first_attempt,median_99th_percentile_customer_gold_inventory_amount_first_attempt,balance_patch_version
1,Very Hard,Chains,None,39,Clear Jellies,50,9967,9967,3966,422,9701,413,1730,3688,1320,859,967,800,625,336,2,1,2,4,8,0.2396006898023188,50,5,5.2,3301,547,419,54700,2087,104350,542,4279,106975,3222,4,5,375,107,2494,2904,6356,1.0.0
2,Very Hard,Goo,None,28,Clear Jellies,50,9933,29799,12989,2116,9320,1690,4792,4435,1613,1485,557,1137,818,176,3,2,3,2,4,0.14525946909794585,50,5,5.2,13039,2800,2511,280000,1994,99700,5278,3841,96025,9934,2,5,313,716,1773,7185,14714,1.0.0
3,Normal,Ice,None,33,Clear Jellies,52,9900,9900,2960,425,9615,625,1483,3080,1861,989,132,1497,413,56,3,5,8,2,3,0.02782632142538205,50,5,5.2,3553,1083,796,108300,2359,117950,753,4787,119675,3897,4,1,142,114,4925,7328,6513,1.0.0
4,Hard,Goo,None,33,Clear Jellies,76,9867,39468,25000,3240,9661,6273,2768,6529,2272,748,638,1191,435,398,6,10,22,7,4,0.03531002448871732,50,5,5.2,10601,2629,2277,262900,1324,66200,5861,3859,96475,14605,4,0,382,245,4455,5486,9608,1.0.0
5,Easy,None,None,22,Clear Jellies,73,9833,9833,2498,972,9141,580,2435,6258,2341,1204,821,2044,528,517,5,4,6,5,1,0.061424678908661004,50,5,5.2,3103,1479,1371,147900,2084,104200,1438,2864,71600,1349,2,3,379,992,3950,5860,13955,1.0.0
6,Easy,Goo,None,37,Clear Jellies,54,9800,29400,20180,1573,9354,5109,1858,6718,1370,645,692,876,328,218,5,6,11,3,7,0.2632912100921385,50,5,5.2,6021,1991,1545,199100,2101,105050,4379,2125,53125,11332,5,5,221,440,4291,7072,19160,1.0.0
7,Hard,Ice,None,29,Clear Jellies,76,9767,29301,17935,501,8838,2306,3371,5337,2539,796,235,1688,616,148,5,4,6,4,5,0.13033946189098058,50,5,5.2,7924,2495,2198,249500,2778,138900,4177,3712,92800,6240,3,0,300,225,4138,4479,13093,1.0.0
8,Normal,Goo,New Booster,20,Clear Jellies,53,9733,29199,13883,645,8466,3016,5795,3393,2472,775,944,2186,578,465,8,9,14,1,3,0.16629990349756554,50,5,5.2,7784,3044,2408,304400,2094,104700,5636,3657,91425,5682,2,2,306,126,2030,6795,19238,1.0.0
9,Easy,Ice,New Booster,27,Clear Jellies,76,9700,9700,6503,878,9528,1570,645,6500,2249,1144,904,1602,915,353,9,12,22,4,5,0.03709608603734523,50,5,5.2,2528,573,463,57300,2853,142650,736,3189,79725,2689,1,3,328,997,4325,2158,10375,1.0.0
10,Hard,None,None,39,Clear Jellies,65,9667,29001,13356,2152,8546,2458,5600,3382,1238,924,212,787,418,93,9,9,17,7,5,0.2792772985016927,50,5,5.2,10260,4436,3914,443600,1878,93900,2077,3251,81275,5873,1,0,300,153,4079,7258,13970,1.0.0
11,Easy,Goo,None,40,Clear Jellies,67,9633,28899,13870,2563,8218,4136,3415,5033,2251,500,780,1693,309,279,11,18,39,4,10,0.17873206487856805,50,5,5.2,6230,2271,1739,227100,2481,124050,2687,4101,102525,8795,3,2,475,357,1335,2265,19864,1.0.0
12,Hard,Goo,None,24,Clear Jellies,57,9600,19200,11990,1754,8466,1405,1421,3572,1252,1177,899,687,863,431,15,9,14,5,9,0.2533156362152658,50,5,5.2,4488,829,740,82900,1918,95900,1577,3383,84575,4058,0,4,156,964,3443,2933,14945,1.0.0
13,Very Hard,Chains,None,25,Clear Jellies,56,9567,28701,9250,1520,8449,1941,5441,6652,2062,791,651,1771,623,217,8,7,23,2,4,0.1284985879668966,50,5,5.2,13525,3236,2678,323600,1017,50850,3779,2801,70025,6482,2,2,288,718,3558,6249,18080,1.0.0
14,Normal,Chains,None,33,Clear Jellies,78,9533,19066,9240,305,8845,1624,1926,5535,2123,1107,738,1500,850,476,15,11,22,4,4,0.2771989840711467,50,5,5.2,4061,1246,1085,124600,1209,60450,2816,4235,105875,6852,3,4,56,550,3820,7294,11620,1.0.0
15,Easy,Waffles,None,23,Clear Jellies,73,9500,28500,12685,2131,8956,2252,3259,3818,1236,812,487,1018,376,251,17,16,22,4,9,0.29399142946116624,50,5,5.2,6859,3172,2573,317200,2615,130750,2644,2646,66150,10708,1,5,144,444,1070,4005,9615,1.0.0
16,Very Hard,Waffles,None,28,Clear Jellies,51,9467,18934,7561,653,8708,1248,4429,5863,1962,907,147,1682,381,50,9,14,29,5,8,0.03632949143182486,50,5,5.2,4830,2396,2054,239600,2509,125450,2651,4524,113100,5981,0,4,129,219,2487,4588,12343,1.0.0
17,Very Hard,Chains,None,27,Clear Jellies,69,9433,18866,8520,743,8171,2550,2051,4242,2021,1023,123,1317,750,80,12,21,29,1,10,0.02728464395739138,50,5,5.2,5598,1214,1050,121400,1346,67300,2433,3707,92675,6379,0,2,131,189,3322,6328,17143,1.0.0
18,Normal,Chains,New Booster,35,Clear Jellies,74,9400,18800,5048,840,8837,1258,5404,6154,2075,654,425,1085,296,195,14,18,36,4,5,0.21848166196839883,50,5,5.2,5701,1305,926,130500,1069,53450,981,3009,75225,6566,3,4,256,402,4191,6113,17542,1.0.0
19,Easy,Waffles,None,31,Clear Jellies,59,9367,37468,13470,1490,8784,3448,9184,3322,2513,711,252,1604,393,88,18,35,52,2,9,0.12493663574336096,50,5,5.2,13883,4882,4372,488200,1031,51550,6441,3082,77050,12167,3,5,326,215,4663,6981,10666,1.0.0
20,Easy,Waffles,None,29,Clear Jellies,65,9333,9333,2767,176,8267,777,1344,6171,1918,1279,316,1266,881,221,11,7,10,2,5,0.11403541755862533,50,5,5.2,5046,2060,1724,206000,2776,138800,1453,2637,65925,2665,0,5,172,553,1645,7350,14523,1.0.0
21,Very Hard,Chains,None,33,Clear Jellies,64,9300,18600,7689,1159,8212,1794,2617,6147,1387,576,261,1030,244,175,13,17,37,5,2,0.039864514502696693,50,5,5.2,6995,1341,1085,134100,2110,105500,2663,2509,62725,4081,0,3,338,253,1692,7591,13000,1.0.0
22,Normal,Goo,None,30,Clear Jellies,47,9267,27801,15179,2170,8335,3618,2198,5964,1480,1223,239,1143,572,78,19,30,43,3,3,0.14958147126249968,50,5,5.2,8744,1723,1240,172300,2683,134150,1801,2971,74275,6004,1,2,134,357,2080,7637,14096,1.0.0
23,Very Hard,Goo,None,21,Clear Jellies,59,9233,18466,8148,1044,8245,2357,3785,4734,2486,990,837,1449,547,544,20,13,18,4,7,0.0658301376318559,50,5,5.2,5574,849,771,84900,1996,99800,2788,3234,80850,6747,0,1,188,385,3918,3038,8887,1.0.0
24,Very Hard,Chains,None,35,Clear Jellies,67,9200,36800,10396,1277,8813,1309,10533,5801,1745,676,143,1554,337,58,26,44,55,2,9,0.08958390507381409,50,5,5.2,10661,4719,3929,471900,2205,110250,2448,3995,99875,4482,1,1,280,770,3740,5724,7976,1.0.0
25,Normal,Chains,None,33,Clear Jellies,72,9167,9167,5126,458,8085,1487,1184,6179,2195,985,431,1122,558,237,29,34,46,2,4,0.28023489403072743,50,5,5.2,2830,396,371,39600,1821,91050,1501,3754,93850,2694,5,4,248,839,2186,7439,13833,1.0.0
26,Easy,Goo,None,34,Clear Jellies,60,9133,18266,11576,1655,8352,3363,1992,4804,2644,1145,347,1607,608,171,17,20,52,2,6,0.17969555288786068,50,5,5.2,4495,1721,1314,172100,1074,53700,3538,3067,76675,2068,2,2,437,197,3941,4264,7358,1.0.0
27,Normal,Waffles,None,36,Clear Jellies,73,9100,18200,11653,1691,8803,1370,2128,4166,1953,549,444,1213,248,226,29,46,77,1,5,0.0316641806694679,50,5,5.2,3497,1111,989,111100,1417,70850,1355,2971,74275,3274,2,0,264,757,4315,6156,17375,1.0.0
28,Very Hard,Ice,None,25,Clear Jellies,44,9067,9067,2630,516,8032,707,1889,3399,1800,1064,361,1574,581,192,17,21,50,4,8,0.1658167249779217,50,5,5.2,3928,674,549,67400,2113,105650,1646,2733,68325,3567,0,4,466,992,2203,6095,13931,1.0.0
29,Easy,None,None,38,Clear Jellies,51,9033,18066,4622,1426,8260,1162,2565,5902,1802,554,284,1338,354,183,20,13,24,1,9,0.271951918953564,50,5,5.2,8487,1507,1392,150700,2285,114250,1784,2451,61275,4540,1,2,204,727,2625,2023,12541,1.0.0
30,Hard,Chains,None,29,Clear Jellies,42,9000,18000,7928,1422,8701,1726,2846,3542,1069,1217,392,677,856,164,35,66,98,5,6,0.014932903058361261,50,5,5.2,5636,2474,1805,247400,987,49350,1513,3094,77350,4509,3,3,244,648,3773,6302,8433,1.0.0
31,Hard,Waffles,None,32,Clear Jellies,57,8967,8967,6169,766,8037,993,769,6077,2616,806,486,1894,496,202,34,29,92,7,1,0.11175273192115127,50,5,5.2,2056,760,674,76000,2028,101400,1284,3636,90900,2221,3,1,435,774,1884,7311,16344,1.0.0
32,Hard,Chains,None,25,Clear Jellies,40,8933,35732,16958,3383,8225,1742,7134,5032,1249,946,105,700,482,48,21,31,40,6,10,0.24287460859166457,50,5,5.2,9224,4132,3341,413200,1597,79850,6890,4231,105775,11202,1,3,72,797,4951,4668,12409,1.0.0
33,Normal,Ice,None,20,Clear Jellies,47,8900,35600,24834,1711,8526,4089,2833,3238,1838,877,113,1255,679,48,40,73,95,5,3,0.2264336562086828,50,5,5.2,7902,2768,2513,276800,1158,57900,2016,2115,52875,4036,0,1,344,412,1731,5740,18261,1.0.0
34,Easy,Chains,New Booster,30,Clear Jellies,79,8867,35468,16766,2285,7760,2246,4788,6043,1127,556,624,621,342,402,37,68,91,4,6,0.17278941214550286,50,5,5.2,8245,3500,3269,350000,2280,114000,3360,2249,56225,11594,2,3,369,979,1080,7384,14551,1.0.0
35,Normal,Goo,None,32,Clear Jellies,69,8833,17666,5395,527,8736,776,2077,3199,1309,1182,744,687,884,350,29,57,95,2,2,0.04875290798023343,50,5,5.2,7745,3669,2814,366900,1036,51800,1252,2947,73675,4338,0,1,462,537,4208,5226,14166,1.0.0
36,Hard,Waffles,None,29,Clear Jellies,59,8800,8800,4419,768,8658,860,1673,6005,1204,1134,700,801,803,330,34,42,91,6,6,0.058012309689074754,50,5,5.2,3165,320,301,32000,2288,114400,1560,2758,68950,3325,3,5,329,548,4379,3383,5523,1.0.0
37,Normal,None,None,32,Clear Jellies,73,8767,17534,6272,1639,8087,637,2571,4918,2035,1020,693,1462,693,321,42,27,43,1,3,0.24583577684592456,50,5,5.2,8041,2330,2025,233000,1009,50450,2020,2853,71325,4248,4,3,214,356,4016,3147,11250,1.0.0
38,Normal,Chains,None,34,Clear Jellies,60,8733,17466,10067,1092,7571,2571,1873,2714,1054,640,704,734,272,380,42,80,188,2,10,0.04925302121089771,50,5,5.2,3794,1225,859,122500,1770,88500,3272,2128,53200,5607,5,4,397,511,4084,3270,18809,1.0.0
39,Very Hard,Goo,None,36,Clear Jellies,58,8700,26100,15757,1809,8081,4070,2572,4082,1358,1265,806,1008,893,426,41,40,55,5,1,0.2606393484026194,50,5,5.2,7752,1451,1271,145100,1686,84300,1927,4274,106850,8266,3,4,146,257,2207,4954,12657,1.0.0
40,Easy,Goo,None,34,Clear Jellies,57,8667,34668,15684,550,7412,1942,6138,3301,874,1041,695,568,519,388,45,54,69,1,10,0.08105582998832686,50,5,5.2,10991,5213,3713,521300,1570,78500,6457,4301,107525,8776,0,4,428,221,2637,6298,13426,1.0.0
41,Normal,None,None,27,Clear Jellies,79,8633,25899,11942,829,8491,1657,4160,4731,1253,937,413,1117,419,262,33,44,83,4,2,0.031911357957869764,50,5,5.2,7492,3679,2643,367900,2124,106200,4800,1763,44075,5659,3,1,156,107,1898,5665,14541,1.0.0
42,Easy,Ice,None,23,Clear Jellies,63,8600,25800,11116,1440,7325,3333,2756,5752,2147,1249,535,1807,902,301,48,83,108,3,7,0.026425139058846976,50,5,5.2,10110,2758,1984,275800,1899,94950,4754,2541,63525,8549,4,4,487,952,1783,2473,6765,1.0.0
43,Normal,Waffles,None,25,Clear Jellies,68,8567,8567,5621,483,7974,1578,694,4547,906,1210,701,456,960,363,50,73,187,2,8,0.25513964936370026,50,5,5.2,1351,572,539,57200,2350,117500,1610,3274,81850,1230,5,5,101,156,2965,3691,9882,1.0.0
44,Very Hard,Chains,None,29,Clear Jellies,73,8533,34132,17191,2687,8140,1737,4945,3050,2125,493,799,1551,267,460,50,52,88,2,10,0.17088833153480665,50,5,5.2,11545,2333,1692,233300,948,47400,3688,3799,94975,9924,1,5,75,657,3717,3184,13884,1.0.0
45,Easy,Goo,None,39,Clear Jellies,61,8500,17000,9536,580,7450,2334,2538,3791,1906,482,172,1070,209,55,24,29,58,3,10,0.12592327328864483,50,5,5.2,3529,1184,951,118400,2330,116500,1617,3230,80750,4087,4,3,97,421,1414,6615,16230,1.0.0
46,Very Hard,None,New Booster,35,Clear Jellies,43,8467,16934,6766,1217,7549,1227,3775,2721,1526,1220,230,1042,491,117,44,31,40,4,3,0.28071379476459696,50,5,5.2,5479,1509,1426,150900,1445,72250,1589,3002,75050,3039,3,4,409,885,2252,4964,17100,1.0.0
47,Hard,Ice,None,31,Clear Jellies,62,8433,25299,7405,1523,7696,774,5989,2920,1421,563,670,1069,324,416,39,33,88,7,9,0.2777984335576184,50,5,5.2,10368,1815,1283,181500,1818,90900,3777,3000,75000,3982,3,3,81,865,3626,6882,15528,1.0.0
48,Easy,Chains,None,35,Clear Jellies,56,8400,25200,16936,1229,7600,3040,2139,4958,1234,1186,167,752,567,66,44,78,142,4,5,0.17717750328127294,50,5,5.2,4279,443,404,44300,2461,123050,4643,2765,69125,8803,4,5,160,327,4401,3331,9937,1.0.0
49,Very Hard,None,None,38,Clear Jellies,59,8367,16734,9236,1464,7882,1252,1163,3073,2115,559,555,1147,237,382,56,96,143,4,4,0.09387051022378727,50,5,5.2,5736,1449,1247,144900,1573,78650,1261,3972,99300,2493,5,5,56,412,1822,5660,15383,1.0.0
50,Easy,Ice,None,22,Clear Jellies,78,8333,24999,6418,501,7799,967,6969,5695,1181,665,558,637,477,274,32,63,156,3,3,0.2132775102229789,50,5,5.2,11909,1798,1464,179800,902,45100,3018,2564,64100,6740,5,1,172,231,2666,3583,19589,1.0.0
51,Normal,Waffles,None,40,Clear Jellies,48,8300,33200,9990,1277,7902,2824,4207,2691,1203,447,730,1066,235,221,54,86,171,2,9,0.18135402555111796,50,5,5.2,13176,6382,5823,638200,1978,98900,3259,2437,60925,9100,3,0,223,938,2739,7428,6683,1.0.0
52,Normal,Chains,None,26,Clear Jellies,58,8267,33068,20883,2536,7398,3654,4864,5699,1910,745,581,974,398,213,31,33,61,2,2,0.03001284489640966,50,5,5.2,5456,1561,1419,156100,2395,119750,2881,2176,54400,8130,1,3,460,777,3917,7927,9606,1.0.0
53,Normal,Goo,New Booster,22,Clear Jellies,60,8233,8233,3714,487,7164,594,751,4091,1641,916,710,1409,727,476,56,71,135,3,5,0.08326626003952696,50,5,5.2,2228,431,352,43100,1794,89700,825,2857,71425,1159,4,2,451,960,3842,6188,6736,1.0.0
54,Hard,Ice,None,29,Clear Jellies,56,8200,24600,10599,644,7032,2694,4994,4766,1787,612,250,1311,329,129,38,72,127,4,3,0.02794451903318986,50,5,5.2,9074,3805,3603,380500,1970,98500,1793,3879,96975,3778,5,4,258,604,2995,2920,5741,1.0.0
55,Normal,Ice,None,40,Clear Jellies,73,8167,16334,7260,1165,8034,747,2169,4815,1524,427,180,1166,289,104,65,89,183,4,6,0.2046556756342761,50,5,5.2,6122,2254,1886,225400,1573,78650,2729,3627,90675,4302,2,0,312,977,2201,5291,16173,1.0.0
56,Hard,Waffles,None,29,Clear Jellies,46,8133,8133,4462,158,6942,617,919,4926,1892,638,458,1332,368,204,46,51,155,4,3,0.06365313224261626,50,5,5.2,2304,769,680,76900,1398,69900,1509,3418,85450,2947,4,2,278,434,4019,5778,16172,1.0.0
57,Easy,Waffles,None,26,Clear Jellies,43,8100,24300,8069,874,7929,2420,6359,5279,1821,1063,579,1091,580,349,51,42,57,4,9,0.26099423453677445,50,5,5.2,8792,3225,2949,322500,1798,89900,3142,2533,63325,6749,2,5,376,956,1953,2258,15186,1.0.0
58,Normal,Waffles,None,38,Clear Jellies,40,8067,16134,10120,1213,7271,1050,1712,4719,1617,983,536,1400,694,258,37,64,124,3,1,0.23172436237102373,50,5,5.2,3846,1522,1431,152200,2400,120000,2684,2854,71350,3299,0,3,325,947,1209,3262,8003,1.0.0
59,Normal,Ice,None,32,Clear Jellies,67,8033,24099,15973,339,7613,3891,2500,3197,1282,827,783,934,587,324,59,73,207,4,7,0.23142503762152045,50,5,5.2,6400,2358,1942,235800,1321,66050,3332,2808,70200,9343,3,2,397,447,1312,6360,9433,1.0.0
60,Easy,Goo,None,29,Clear Jellies,56,8000,24000,14622,475,7438,3034,2185,3977,1971,547,546,1470,287,193,64,47,100,5,7,0.06458167056320234,50,5,5.2,5216,837,612,83700,1574,78700,4550,1928,48200,5715,4,5,261,456,3413,5947,11030,1.0.0
61,Easy,Goo,None,33,Clear Jellies,75,7967,23901,11386,1137,7089,2030,2199,4805,2141,933,290,1529,470,183,65,102,198,2,4,0.05195772488135844,50,5,5.2,9275,3177,2417,317700,2389,119450,1873,2671,66775,6132,2,3,469,474,2847,2720,19329,1.0.0
62,Very Hard,Goo,None,30,Clear Jellies,73,7933,7933,2892,505,6756,578,1998,2381,1851,733,657,1508,493,299,41,58,90,2,2,0.21641681592911483,50,5,5.2,2102,993,730,99300,2334,116700,715,2332,58300,1957,2,5,280,874,1884,3303,9891,1.0.0
63,Hard,None,None,32,Clear Jellies,66,7900,15800,8694,438,7181,2591,2255,2635,1587,839,630,1279,579,389,41,27,81,6,5,0.26786346424371005,50,5,5.2,4050,1023,848,102300,797,39850,2099,3319,82975,5480,3,4,156,343,2784,7316,10907,1.0.0
64,Easy,Waffles,None,22,Clear Jellies,68,7867,7867,5298,433,7364,1054,386,4804,1906,742,663,1347,510,235,61,51,114,1,6,0.129893907494843,50,5,5.2,1051,476,435,47600,1589,79450,1104,3532,88300,1913,1,3,246,566,3920,6618,9366,1.0.0
65,Hard,Goo,None,29,Clear Jellies,65,7833,31332,21661,2639,6663,6397,2335,3270,2312,1123,471,1437,646,237,68,90,165,7,5,0.10189965517958625,50,5,5.2,3992,1517,1405,151700,2246,112300,4431,2846,71150,11384,2,2,174,820,3785,5405,6318,1.0.0
66,Normal,None,None,38,Clear Jellies,60,7800,7800,2134,143,7355,533,1604,3425,1856,750,83,1081,346,36,71,45,70,3,6,0.1983176573878154,50,5,5.2,2489,977,883,97700,1888,94400,552,1934,48350,2443,1,1,379,842,1464,3995,16696,1.0.0
67,Normal,Waffles,None,21,Clear Jellies,79,7767,7767,3278,407,6728,777,1297,4347,2323,877,403,1572,389,259,73,51,93,1,2,0.18322351475944743,50,5,5.2,3488,742,630,74200,2321,116050,1333,2083,52075,2463,5,0,330,702,4755,2467,6214,1.0.0
68,Hard,Goo,None,26,Clear Jellies,74,7733,15466,9477,1381,7550,1885,1713,4930,2245,829,744,1674,489,432,41,66,101,4,10,0.05331858748802915,50,5,5.2,3935,1072,967,107200,1211,60550,2013,2205,55125,5335,1,2,101,622,3957,4670,7943,1.0.0
69,Easy,Goo,None,39,Clear Jellies,52,7700,23100,11470,1137,6654,1272,3343,2523,1943,912,607,1478,704,366,49,89,143,1,7,0.27254668390844017,50,5,5.2,5335,2083,1833,208300,1554,77700,2210,1973,49325,5230,2,0,286,979,4297,5756,7105,1.0.0
70,Normal,Goo,None,40,Clear Jellies,73,7667,30668,11869,1070,7124,3041,5567,3114,990,1108,543,746,574,292,77,148,299,1,6,0.05968056113226339,50,5,5.2,10825,4570,3983,457000,1038,51900,2448,3335,83375,9546,0,0,419,995,3402,4409,8201,1.0.0
71,Normal,Waffles,None,40,Clear Jellies,75,7633,15266,6580,231,6757,1114,1439,4459,1031,407,651,813,237,319,42,37,67,5,10,0.19250935933552682,50,5,5.2,4882,1338,1269,133800,2041,102050,2039,2593,64825,3330,3,0,380,734,2114,5470,15904,1.0.0
72,Normal,Chains,None,30,Clear Jellies,80,7600,15200,3989,1363,7078,417,1849,2435,2180,628,270,1270,417,169,38,31,57,2,6,0.14297103594755753,50,5,5.2,5522,1143,891,114300,795,39750,2245,2999,74975,1842,4,3,354,533,3739,5097,18976,1.0.0
73,Normal,Ice,None,30,Clear Jellies,67,7567,22701,14348,529,7441,3222,3127,3286,1483,987,287,971,559,192,59,48,71,5,4,0.10587132042972369,50,5,5.2,5638,2331,1851,233100,1292,64600,3277,1594,39850,6516,0,0,158,508,2649,3882,18822,1.0.0
74,Easy,None,None,20,Clear Jellies,49,7533,22599,5965,872,7170,751,4930,4952,1309,537,165,910,229,95,69,54,68,2,9,0.13102769749471918,50,5,5.2,8098,1425,1293,142500,1155,57750,2774,2126,53150,2314,0,0,363,201,3694,6723,14343,1.0.0
75,Normal,None,None,40,Clear Jellies,71,7500,7500,4076,534,6800,554,1220,2934,1238,671,477,772,296,279,66,53,97,5,5,0.20412219898309558,50,5,5.2,2508,416,314,41600,2061,103050,543,2843,71075,2282,0,4,435,171,3035,2476,11727,1.0.0
76,Hard,Waffles,None,25,Clear Jellies,66,7467,14934,7744,529,6862,1760,2111,3948,1455,960,624,1296,744,323,89,63,82,4,1,0.02068045155610889,50,5,5.2,4916,517,487,51700,1891,94550,2821,3623,90575,3095,2,3,397,467,3063,7673,9319,1.0.0
77,Normal,Goo,None,29,Clear Jellies,72,7433,29732,11616,1434,7017,1554,4236,2798,2127,388,592,1763,301,277,54,83,146,4,4,0.10683911188272759,50,5,5.2,11038,2755,2543,275500,2012,100600,1884,1742,43550,8122,4,5,423,595,3042,3016,15400,1.0.0
78,Normal,Ice,None,28,Clear Jellies,40,7400,14800,10273,797,6775,1771,1693,5179,1528,850,493,843,650,314,79,78,101,4,8,0.2142746525327675,50,5,5.2,1908,631,583,63100,940,47000,2126,1739,43475,3381,4,4,186,506,2568,3084,13619,1.0.0
79,Easy,Waffles,None,31,Clear Jellies,53,7367,22101,13769,701,6567,1985,1393,3689,2087,792,144,1437,363,47,50,54,71,4,3,0.12459369918564334,50,5,5.2,5414,2281,1653,228100,956,47800,3649,2871,71775,2617,5,0,402,727,3217,7789,11703,1.0.0
80,Normal,None,None,32,Clear Jellies,71,7333,29332,15355,1244,6794,4077,4541,4605,1213,802,641,1058,385,419,87,141,251,4,9,0.017425790533889086,50,5,5.2,9911,1032,744,103200,914,45700,2976,3494,87350,6812,1,2,249,981,2609,4792,10968,1.0.0
81,Easy,Chains,None,37,Clear Jellies,67,7300,7300,2279,118,6956,230,822,4050,1174,798,682,655,530,402,84,77,110,3,10,0.2905025244387798,50,5,5.2,2777,1255,1176,125500,865,43250,1250,3618,90450,2506,1,0,347,822,1458,6586,6318,1.0.0
82,Normal,Goo,None,34,Clear Jellies,71,7267,7267,4665,309,6962,613,955,4659,734,889,384,487,445,128,59,97,242,2,4,0.10830568910576402,50,5,5.2,1742,516,449,51600,1207,60350,408,3181,79525,905,0,3,188,154,1966,2242,6669,1.0.0
83,Normal,Goo,None,40,Clear Jellies,80,7233,7233,3687,712,6973,1060,1261,4158,1421,906,189,757,665,64,53,32,42,5,7,0.2642810872895643,50,5,5.2,1459,495,381,49500,1700,85000,1043,3596,89900,1351,1,1,55,438,4466,7208,11997,1.0.0
84,Easy,Goo,New Booster,20,Clear Jellies,69,7200,14400,8779,390,6456,2222,1081,4399,1263,417,334,1102,197,209,79,119,181,1,10,0.16137490099063143,50,5,5.2,2680,987,815,98700,1531,76550,1423,1479,36975,2513,1,2,466,504,3854,6330,11019,1.0.0
85,Hard,Ice,New Booster,30,Clear Jellies,76,7167,28668,7531,2536,6986,1991,7482,2571,914,881,700,756,686,244,80,150,220,3,9,0.17759781398111954,50,5,5.2,14655,3912,3232,391200,922,46100,4949,2678,66950,7209,5,5,97,528,1168,3986,16648,1.0.0
86,Easy,Chains,None,27,Clear Jellies,73,7133,14266,5212,287,6371,784,2378,2919,1450,967,705,841,559,432,90,150,266,4,7,0.07998850545613094,50,5,5.2,5291,2191,1827,219100,1156,57800,1310,2765,69125,1574,0,5,457,544,1800,7830,11135,1.0.0
87,Normal,None,None,32,Clear Jellies,80,7100,21300,12579,585,6730,1554,1858,2870,1851,861,413,1389,642,157,83,134,295,5,5,0.0366628461680375,50,5,5.2,5053,1994,1886,199400,2015,100750,3713,1677,41925,2834,2,3,431,766,2064,3694,6284,1.0.0
88,Normal,Waffles,None,33,Clear Jellies,74,7067,21201,13218,1605,6198,1673,2347,3125,765,830,84,527,434,53,51,50,63,2,9,0.03325318365823477,50,5,5.2,5793,2541,2050,254100,1961,98050,3841,3085,77125,8454,4,2,117,650,3909,3254,12748,1.0.0
89,Normal,Waffles,New Booster,21,Clear Jellies,63,7033,7033,3416,241,6940,628,1161,2844,1707,1038,249,1286,781,77,90,131,231,3,3,0.28838531973306086,50,5,5.2,2763,1007,778,100700,1689,84450,1291,3219,80475,2694,0,2,310,688,3587,2022,15476,1.0.0
90,Normal,None,None,25,Clear Jellies,73,7000,28000,15038,809,6116,2604,3912,4495,1692,930,481,1267,575,179,90,103,329,2,2,0.1100533251930028,50,5,5.2,9911,3888,2822,388800,1561,78050,4240,1850,46250,8744,2,5,405,823,2560,6876,14388,1.0.0
91,Easy,Goo,None,32,Clear Jellies,63,6967,20901,9814,1305,6088,1266,3528,4138,1944,1008,651,1663,660,322,78,78,241,5,1,0.24600160922389477,50,5,5.2,8498,3897,3132,389700,1696,84800,2721,3470,86750,7698,0,0,378,877,2090,5864,10661,1.0.0
92,Normal,Waffles,None,22,Clear Jellies,67,6933,20799,10645,366,6503,2171,2142,4449,1075,537,475,733,221,331,52,85,167,3,5,0.1422508557396941,50,5,5.2,7846,1397,1198,139700,1367,68350,1908,2418,60450,5184,5,0,497,255,3554,6232,8160,1.0.0
93,Normal,Goo,None,32,Clear Jellies,57,6900,6900,2037,362,6574,508,1888,4097,876,741,406,757,418,152,49,26,44,3,6,0.03684015338309109,50,5,5.2,2995,1476,1049,147600,1554,77700,1161,2240,56000,2018,5,5,274,385,3508,4762,12802,1.0.0
94,Very Hard,Goo,None,35,Clear Jellies,69,6867,27468,17270,1031,6740,2106,3902,4038,1959,366,482,1563,229,146,68,74,97,2,3,0.06153959209797904,50,5,5.2,6709,2854,2648,285400,872,43600,3805,1481,37025,2989,4,0,363,267,2596,3612,16752,1.0.0
95,Very Hard,None,None,38,Clear Jellies,61,6833,6833,2946,616,6543,512,1263,4738,1562,645,656,1255,294,228,90,86,164,5,3,0.2479000942641869,50,5,5.2,1649,548,395,54800,1580,79000,565,3384,84600,1407,3,1,322,136,1903,3732,15840,1.0.0
96,Hard,Ice,None,35,Clear Jellies,65,6800,20400,12193,592,5938,1762,1786,2480,1502,554,504,1012,334,253,90,68,220,5,10,0.035332080726511776,50,5,5.2,4645,1440,1350,144000,918,45900,2713,1731,43275,4456,2,5,59,848,2977,6779,10278,1.0.0
97,Normal,Goo,None,32,Clear Jellies,59,6767,20301,13767,1155,6017,3846,2570,4104,1087,492,275,559,308,118,80,114,158,3,9,0.23336815052432938,50,5,5.2,3965,1864,1375,186400,1884,94200,1647,2814,70350,2836,0,0,442,213,4681,7835,16321,1.0.0
98,Easy,Chains,None,32,Clear Jellies,70,6733,13466,4975,152,6124,603,1387,4589,963,459,304,823,194,158,90,56,112,2,9,0.04367503190645948,50,5,5.2,5691,640,557,64000,1586,79300,1944,2466,61650,4554,4,2,258,317,4042,5287,15876,1.0.0
99,Hard,Waffles,None,27,Clear Jellies,79,6700,20100,12526,1154,6480,3354,2270,2723,1768,893,248,1124,611,145,90,74,113,4,5,0.22680828403215855,50,5,5.2,4128,1607,1414,160700,1395,69750,3917,1638,40950,5261,0,1,178,486,2822,3519,10287,1.0.0
100,Easy,Chains,None,32,Clear Jellies,69,6667,20001,10883,894,5808,2928,2864,2229,1422,991,594,1034,638,283,83,166,270,4,3,0.09658831929322331,50,5,5.2,5099,1438,1090,143800,1160,58000,2149,2547,63675,6691,5,1,178,765,1477,5429,5103,1.0.0
101,Easy,None,None,25,Clear Jellies,47,6633,6633,4042,67,6256,426,889,2597,1863,457,313,960,210,161,90,62,84,4,8,0.21806835122639312,50,5,5.2,1290,519,376,51900,1550,77500,851,1757,43925,2306,5,5,460,804,4532,3815,10270,1.0.0
102,Normal,None,New Booster,25,Clear Jellies,64,6600,26400,8811,1610,6366,2230,5922,2858,1454,554,70,1166,337,43,90,51,101,2,7,0.10436852810904383,50,5,5.2,8147,936,721,93600,1803,90150,4813,2252,56300,7987,1,4,394,382,2301,5574,8112,1.0.0
103,Normal,Ice,None,27,Clear Jellies,77,6567,19701,11616,991,6201,1800,2914,4470,920,631,114,782,453,67,56,104,131,2,7,0.2200831276923418,50,5,5.2,4950,1868,1557,186800,1392,69600,1380,3024,75600,4566,4,3,139,581,1961,2867,11909,1.0.0
104,Normal,None,None,24,Clear Jellies,74,6533,6533,3797,427,5896,494,976,4547,1724,598,189,943,337,98,82,104,268,2,1,0.27741514577530324,50,5,5.2,1971,312,239,31200,720,36000,1213,1736,43400,2458,3,0,130,570,1106,2436,11303,1.0.0
105,Very Hard,Chains,None,28,Clear Jellies,40,6500,19500,11472,283,6330,1374,2145,3090,1503,875,457,900,461,182,90,52,130,3,3,0.20987936704652382,50,5,5.2,4633,924,781,92400,1739,86950,2272,2872,71800,6565,5,1,233,425,1783,7724,15593,1.0.0
106,Very Hard,Goo,None,29,Clear Jellies,69,6467,19401,7754,1334,6014,1879,2248,3751,1213,877,328,730,524,127,90,176,335,2,2,0.03879038136685267,50,5,5.2,8183,1695,1495,169500,1463,73150,1322,2697,67425,2144,2,2,96,418,2062,2699,11160,1.0.0
107,Hard,Goo,None,30,Clear Jellies,43,6433,6433,1775,251,5891,339,1843,4218,820,612,312,413,404,174,65,48,91,7,10,0.252614514993038,50,5,5.2,3052,1022,819,102200,1025,51250,609,2288,57200,2538,0,0,74,832,4036,6748,14396,1.0.0
108,Hard,Goo,None,20,Clear Jellies,67,6400,12800,7085,311,6010,1274,1432,4055,667,789,389,563,521,260,83,141,187,5,9,0.19805155385984108,50,5,5.2,4335,917,735,91700,1024,51200,2254,3023,75575,1799,3,0,246,604,1048,6175,8246,1.0.0
109,Easy,Ice,None,34,Clear Jellies,80,6367,19101,5133,555,6072,1146,4771,3781,1539,749,90,1023,450,61,57,42,78,1,9,0.08973536016186698,50,5,5.2,7727,1531,1371,153100,731,36550,1040,1317,32925,2666,1,3,175,388,1133,7598,18888,1.0.0
110,Normal,Waffles,None,23,Clear Jellies,72,6333,18999,10252,827,5512,1297,1513,3539,756,791,438,588,518,199,57,65,189,5,5,0.10806867472361772,50,5,5.2,6830,2932,2784,293200,1809,90450,1598,1787,44675,4706,1,1,203,896,1514,2603,10589,1.0.0
111,Easy,Chains,None,26,Clear Jellies,45,6300,12600,4849,890,5713,563,2898,4014,736,919,462,462,501,166,90,71,161,2,1,0.17875542467460037,50,5,5.2,5304,2136,1839,213600,1135,56750,1511,2116,52900,4096,1,2,225,892,3432,4954,6127,1.0.0
112,Hard,Chains,None,30,Clear Jellies,59,6267,18801,8029,453,5729,1868,3773,2280,872,937,479,592,500,283,90,140,184,4,1,0.16572802008828147,50,5,5.2,8314,2407,1922,240700,1461,73050,2598,2236,55900,5035,0,1,384,535,2253,7424,5769,1.0.0
113,Hard,Chains,None,29,Clear Jellies,53,6233,24932,16594,1155,5785,4293,2563,2777,1852,923,373,1524,384,185,60,102,131,5,2,0.17334087764378636,50,5,5.2,4585,709,582,70900,654,32700,4034,2128,53200,9638,4,3,198,908,2800,2700,17606,1.0.0
114,Easy,Chains,None,27,Clear Jellies,48,6200,18600,10335,626,5626,1805,2554,2542,1445,661,99,986,496,40,82,159,224,3,7,0.08350865759188308,50,5,5.2,5901,1002,841,100200,809,40450,3278,1794,44850,3518,1,0,435,892,4299,5539,18750,1.0.0
115,Easy,Waffles,None,22,Clear Jellies,67,6167,12334,7066,511,6104,1836,1978,2158,1836,873,379,1167,530,239,90,51,132,5,5,0.16733579678693786,50,5,5.2,2569,1198,1006,119800,799,39950,2135,1518,37950,1653,3,0,231,897,3639,6174,14465,1.0.0
116,Easy,Waffles,None,32,Clear Jellies,70,6133,24532,14050,495,5857,3683,3720,3227,1089,903,339,882,537,121,82,112,316,2,8,0.2387991976342164,50,5,5.2,6228,1278,1028,127800,730,36500,3763,2087,52175,8963,2,5,179,316,4385,7096,19340,1.0.0
117,Normal,None,None,39,Clear Jellies,63,6100,18300,6454,666,5346,1761,3254,3473,1603,893,311,1427,404,167,89,101,198,4,8,0.06342485499568283,50,5,5.2,7966,3613,2624,361300,1213,60650,2370,2403,60075,6593,0,5,344,889,1635,5117,11463,1.0.0
118,Normal,Goo,None,35,Clear Jellies,45,6067,6067,2633,133,5249,486,1141,1824,934,667,443,621,386,181,90,83,249,2,9,0.022840127912349996,50,5,5.2,2010,428,327,42800,1324,66200,755,2240,56000,644,2,3,60,522,2243,2205,17055,1.0.0
119,Easy,Ice,None,27,Clear Jellies,61,6033,6033,3059,309,5756,365,1027,3743,1179,420,282,909,204,191,83,84,136,2,4,0.18536131603643297,50,5,5.2,2307,1056,990,105600,784,39200,1178,2484,62100,606,5,5,168,189,3761,7955,9766,1.0.0
120,Hard,None,New Booster,22,Clear Jellies,50,6000,18000,11624,1372,5197,3214,1390,2276,839,343,550,597,251,197,90,170,305,6,7,0.17273596497485413,50,5,5.2,3417,1127,1015,112700,1055,52750,2353,2027,50675,2638,0,4,273,906,4366,7720,13543,1.0.0
121,Normal,Waffles,None,28,Clear Jellies,48,5967,17901,9266,266,5906,1462,2838,3381,1487,542,184,820,391,122,77,143,244,3,10,0.13116716188611463,50,5,5.2,3455,1284,1097,128400,1538,76900,2594,1748,43700,5572,4,2,356,746,3879,4596,14513,1.0.0
122,Easy,Chains,None,35,Clear Jellies,57,5933,5933,3935,269,5689,634,585,3649,1259,304,302,655,224,176,90,176,290,2,1,0.15801641620695592,50,5,5.2,973,372,288,37200,1147,57350,1176,1830,45750,2276,5,5,70,477,4909,7333,15951,1.0.0
123,Easy,Chains,None,30,Clear Jellies,58,5900,23600,9632,2023,5352,2535,5208,4017,845,879,479,435,690,197,67,114,215,4,10,0.22329677808098494,50,5,5.2,5789,1190,985,119000,1156,57800,1206,2042,51050,6918,3,1,414,952,3348,6907,17580,1.0.0
124,Easy,Goo,None,32,Clear Jellies,72,5867,17601,6412,806,5215,1394,1757,2658,818,729,558,724,362,181,90,67,90,5,4,0.25780055804178115,50,5,5.2,6034,1417,1169,141700,1096,54800,3321,1734,43350,6058,3,1,354,904,3138,6448,9504,1.0.0
125,Hard,Ice,None,26,Clear Jellies,79,5833,23332,13331,1192,5739,3100,3198,2978,651,761,467,416,548,272,90,82,163,5,3,0.16944294256856665,50,5,5.2,4392,1073,850,107300,778,38900,4438,2379,59475,3755,4,0,159,355,3177,6305,5599,1.0.0
126,Normal,Waffles,None,37,Clear Jellies,50,5800,17400,6061,1674,5137,1387,3664,2641,981,382,261,796,177,95,90,148,273,2,1,0.12924710831139236,50,5,5.2,7848,1937,1544,193700,1443,72150,2186,2054,51350,2077,4,3,357,927,2594,6758,10777,1.0.0
127,Very Hard,Chains,None,26,Clear Jellies,72,5767,11534,5185,921,4999,755,1859,2034,1294,760,502,762,393,186,68,118,213,3,6,0.07823674931190908,50,5,5.2,4408,1047,801,104700,1515,75750,931,2397,59925,1427,3,3,245,578,3980,2242,7388,1.0.0
128,Very Hard,Goo,None,40,Clear Jellies,77,5733,22932,12917,1213,5310,2867,3590,3572,772,583,305,632,289,154,90,119,188,4,10,0.21017631344031543,50,5,5.2,6609,2506,1756,250600,735,36750,2434,1870,46750,7762,4,5,317,717,3308,4475,12941,1.0.0
129,Normal,Chains,None,24,Clear Jellies,73,5700,17100,9458,1686,5382,1866,1710,3275,577,795,132,370,509,57,90,65,146,2,5,0.22102228326722978,50,5,5.2,5764,834,766,83400,973,48650,1754,1382,34550,6807,2,0,96,555,3234,4338,16218,1.0.0
130,Hard,Ice,None,39,Clear Jellies,76,5667,17001,5631,622,5114,1216,2247,2364,660,829,344,337,371,109,90,147,196,6,8,0.2000332097103819,50,5,5.2,5066,896,794,89600,1700,85000,3317,1632,40800,4978,5,3,128,152,3828,4617,11999,1.0.0
131,Very Hard,Goo,None,37,Clear Jellies,40,5633,16899,9789,445,4904,2570,1367,2636,777,713,137,589,461,87,80,50,110,4,9,0.20912601646035908,50,5,5.2,3612,479,403,47900,1383,69150,2163,2294,57350,4553,2,3,443,704,3799,7091,14483,1.0.0
132,Easy,Ice,None,26,Clear Jellies,69,5600,5600,2223,445,5520,442,520,3327,1490,636,211,1038,264,89,90,140,189,5,2,0.0850648195692338,50,5,5.2,2546,699,588,69900,1250,62500,730,2207,55175,714,4,1,59,357,3415,4510,6744,1.0.0
133,Easy,Ice,New Booster,36,Clear Jellies,57,5567,11134,4549,984,4786,530,1177,3562,999,809,452,606,526,223,90,157,222,2,5,0.09876745091518387,50,5,5.2,5193,2430,1776,243000,1170,58500,936,1907,47675,1779,5,3,384,217,2980,7460,17291,1.0.0
134,Very Hard,Waffles,None,22,Clear Jellies,43,5533,5533,3348,211,5170,645,363,1831,657,491,435,418,319,197,78,97,139,2,4,0.14532053309725598,50,5,5.2,1662,461,345,46100,881,44050,821,2197,54925,1616,3,0,217,365,2975,3890,12430,1.0.0
135,Hard,None,None,35,Clear Jellies,54,5500,16500,6832,1523,4825,1501,3397,2275,1529,412,471,807,245,265,90,119,155,6,2,0.11525520148454232,50,5,5.2,6560,1365,1230,136500,1048,52400,1476,1469,36725,6518,0,5,434,986,1098,2725,18999,1.0.0
136,Easy,Waffles,None,27,Clear Jellies,46,5467,16401,6190,1515,5079,1750,1871,1880,1125,288,99,600,166,66,90,135,220,3,1,0.1395868054497987,50,5,5.2,7887,1489,1382,148900,1030,51500,3046,2024,50600,5646,1,1,59,523,3249,5744,6845,1.0.0
137,Hard,Chains,None,38,Clear Jellies,53,5433,5433,1995,449,4730,219,593,2112,1441,463,212,1267,209,131,90,50,130,3,4,0.29515754197956995,50,5,5.2,2404,1002,897,100200,713,35650,804,2672,66800,1952,1,5,273,283,1853,6279,12495,1.0.0
138,Normal,Goo,None,37,Clear Jellies,49,5400,10800,2831,451,5213,746,2974,1722,848,384,296,684,267,136,71,48,77,4,7,0.2618820215715095,50,5,5.2,3540,715,519,71500,1303,65150,977,1299,32475,1598,5,2,98,877,1378,4665,8888,1.0.0
139,Hard,Ice,New Booster,29,Clear Jellies,74,5367,16101,8780,1140,4810,1032,2441,1741,1372,437,144,1212,299,51,72,110,205,6,1,0.16973871733993293,50,5,5.2,4505,555,448,55500,541,27050,830,2249,56225,4016,1,0,51,992,2105,4196,14952,1.0.0
140,Easy,Goo,None,34,Clear Jellies,46,5333,10666,6251,365,4889,964,1216,2738,688,417,195,589,250,82,87,54,73,2,5,0.18241453601047397,50,5,5.2,2366,596,423,59600,1319,65950,1064,2117,52925,3301,1,2,445,741,1963,5721,5789,1.0.0
141,Normal,Ice,None,31,Clear Jellies,44,5300,5300,2830,510,4646,763,541,1798,771,421,350,691,215,144,78,76,111,5,8,0.1003240774362348,50,5,5.2,1704,788,598,78800,555,27750,703,2457,61425,1795,1,1,452,235,4250,6429,17626,1.0.0
142,Normal,None,None,22,Clear Jellies,63,5267,10534,2892,220,4860,821,1352,2461,1161,660,191,715,438,77,90,148,202,4,8,0.18815344433300196,50,5,5.2,4099,720,548,72000,567,28350,1082,2104,52600,1396,5,4,349,923,2795,3364,5036,1.0.0
143,Easy,Waffles,None,39,Clear Jellies,77,5233,15699,7650,613,4811,891,2912,1823,1457,482,104,1184,216,64,90,92,150,5,4,0.09145623022690415,50,5,5.2,5637,1357,1007,135700,588,29400,2394,1559,38975,4213,2,0,321,985,4320,6144,8524,1.0.0
144,Hard,None,None,35,Clear Jellies,44,5200,10400,3011,693,4523,637,2421,3485,1191,617,462,791,323,263,90,117,218,4,10,0.29723070801002904,50,5,5.2,3919,1116,814,111600,540,27000,1406,1646,41150,3230,2,5,75,395,1104,4688,7017,1.0.0
145,Hard,Goo,None,29,Clear Jellies,60,5167,20668,7681,657,4937,834,4563,1570,964,749,374,627,486,180,90,166,216,7,1,0.22076470074011012,50,5,5.2,6691,3229,2810,322900,750,37500,2734,1120,28000,4151,0,5,167,810,2866,2073,15490,1.0.0
146,Hard,Chains,None,21,Clear Jellies,80,5133,10266,2572,961,4371,391,1182,2532,1434,516,446,1266,241,201,90,105,169,4,1,0.20180717718787491,50,5,5.2,3958,556,498,55600,990,49500,525,2120,53000,1528,4,1,239,444,2427,5737,14347,1.0.0
147,Normal,Chains,None,27,Clear Jellies,74,5100,15300,8689,969,4462,1196,1411,3075,1474,352,489,1035,203,200,90,89,202,1,8,0.19810027686413378,50,5,5.2,3188,364,308,36400,1399,69950,2584,1462,36550,3149,1,0,262,706,2228,4817,17425,1.0.0
148,Very Hard,Waffles,None,20,Clear Jellies,42,5067,10134,6168,431,4388,1317,994,3369,1143,543,482,594,387,201,90,51,66,1,7,0.19603607821511104,50,5,5.2,2043,733,611,73300,1316,65800,1020,2377,59425,2088,5,0,241,280,2802,4127,18098,1.0.0
149,Normal,None,None,32,Clear Jellies,48,5033,10066,3125,652,4656,354,1617,3075,587,591,59,325,316,29,90,98,210,2,10,0.2196933113830164,50,5,5.2,3513,443,327,44300,776,38800,1688,2286,57150,2329,3,2,401,687,1215,2492,15412,1.0.0
150,Normal,Ice,None,26,Clear Jellies,66,5000,5000,2598,321,4632,487,881,3448,945,443,228,764,315,104,90,83,109,4,3,0.21373285447247325,50,5,5.2,1120,255,201,25500,1066,53300,820,1943,48575,723,3,3,266,505,2076,7132,16414,1.0.0
